in_node,alligator,ant,bear,bird,butterfly,cat,cow,deer,dog,donkey,duck,elephant,frog,giraffe,goose,horse,lamb,lion,moose,mouse,owl,penguin,pig,pony,rooster,sheep,squirrel,tiger,turkey,turtle,zebra,airplane,bicycle,boat,bus,car,helicopter,motorcycle,sled,tractor,train,tricycle,truck,ball,balloon,book,crayon,doll,pen,pencil,apple,banana,beans,bread,cake,carrots,cheese,chicken,corn,fish,grapes,orange,peas,pickle,potato,pumpkin,raisin,strawberry,tuna,belt,boots,coat,dress,jacket,jeans,necklace,pajamas,pants,scarf,shirt,shoe,slipper,sock,sweater,basket,bottle,box,bowl,broom,brush,bucket,clock,comb,cup,dish,fork,hammer,jar,keys,knife,lamp,napkin,pillow,plate,radio,scissors,spoon,telephone,tray,basement,bathtub,bed,bedroom,bench,chair,closet,couch,door,oven,sink,sofa,stove,table,hose,rock,shovel,stick,stone,church,house
alligator,0,0,1,0,0,1,0,1,1,1,1,1,2,0,0,1,0,2,0,1,0,1,1,1,0,0,1,1,0,2,1,0,0,0,0,0,0,0,0,0,0,0,0,0,0,0,0,0,1,1,1,2,1,0,0,1,0,0,0,2,1,0,1,1,0,0,0,0,1,1,1,1,1,0,0,1,0,1,1,0,0,0,0,0,0,1,0,0,1,0,0,0,1,0,0,0,0,0,0,0,0,0,0,0,0,0,0,0,0,0,0,0,0,1,0,0,0,0,0,0,0,0,0,2,0,0,1,0,0,0
ant,0,0,1,1,2,0,1,0,0,0,0,0,0,0,0,0,1,0,0,1,0,2,0,1,1,1,1,1,0,1,1,0,0,1,0,0,0,0,0,1,0,2,0,0,0,0,0,0,1,0,1,0,1,0,0,0,0,0,0,1,2,0,1,0,0,0,2,2,0,0,1,0,0,0,0,0,0,0,0,0,0,0,0,0,0,0,1,0,0,0,0,0,1,0,0,0,0,0,1,0,0,0,0,0,0,0,0,0,0,0,0,0,1,0,0,1,0,0,0,0,0,0,0,0,0,0,0,1,0,1
bear,1,1,0,1,0,4,5,4,2,2,2,3,0,2,3,2,4,3,5,2,1,4,1,1,2,3,3,5,1,1,4,1,0,0,1,0,0,0,0,1,0,0,1,0,1,0,0,0,0,0,0,0,1,2,0,0,1,0,0,0,0,0,0,0,1,1,2,0,2,0,2,0,0,0,0,0,0,0,0,0,0,0,0,0,0,0,2,0,0,0,0,0,1,0,0,0,0,0,0,0,0,1,1,1,0,0,0,0,0,0,2,0,0,1,1,0,2,0,0,0,1,0,1,0,0,0,0,0,1,1
bird,0,1,1,0,2,0,1,0,0,0,4,0,0,0,4,0,1,0,0,0,4,3,0,0,3,1,0,1,2,0,1,2,0,0,0,0,0,0,0,0,0,0,0,0,0,0,0,0,0,0,0,0,0,0,0,0,0,4,0,0,0,0,0,0,0,0,1,0,0,0,1,0,0,0,0,0,0,0,0,0,0,0,0,0,0,0,0,0,0,0,0,0,0,0,0,0,0,0,0,0,0,0,0,0,0,0,0,0,0,0,0,0,0,0,0,0,0,0,0,0,0,0,0,0,0,0,0,0,0,0
butterfly,0,2,0,2,0,0,0,0,0,0,2,0,0,0,2,0,0,0,0,1,2,2,0,1,1,0,1,0,1,1,0,2,0,1,0,1,0,0,1,0,0,1,0,1,2,0,2,0,1,0,0,0,1,0,0,0,0,2,0,1,1,0,1,0,0,0,1,1,0,0,0,1,1,1,1,0,0,1,2,1,0,0,1,1,0,0,1,1,0,0,0,0,2,1,1,0,0,0,1,0,0,1,0,0,0,0,0,0,0,0,0,0,1,1,0,1,0,0,0,0,0,0,0,0,0,0,0,1,0,1
cat,1,0,4,0,0,0,4,5,4,3,1,4,3,1,0,4,2,2,3,4,2,0,4,4,0,3,5,3,1,2,2,0,0,0,0,0,0,0,0,0,0,0,0,0,0,0,0,0,0,0,0,0,0,0,0,0,0,2,0,0,0,0,0,0,0,0,0,0,0,0,0,0,0,0,0,0,0,1,0,0,0,0,0,0,0,0,0,0,0,0,0,0,0,0,0,0,0,0,0,0,0,0,0,0,0,0,0,0,0,0,0,0,0,1,2,0,2,0,0,0,2,0,2,0,0,0,0,0,0,0
cow,0,1,5,1,0,4,0,4,2,3,1,4,3,2,2,4,5,1,5,2,2,2,4,3,1,7,4,2,3,2,3,1,0,0,1,0,0,0,0,1,0,0,1,0,1,0,0,0,0,0,0,0,1,2,0,0,1,2,0,0,0,0,0,0,1,1,2,0,2,0,2,0,0,0,0,0,0,1,0,0,0,0,1,0,0,0,2,0,0,0,0,0,0,0,0,0,0,0,0,0,0,1,1,1,0,0,0,0,0,0,2,0,0,1,2,0,3,0,0,0,2,0,2,0,0,0,0,0,1,1
deer,1,0,4,0,0,5,4,0,4,5,2,4,2,2,1,5,3,2,7,2,2,0,4,4,1,2,7,1,1,2,4,1,1,0,0,1,0,1,1,0,1,0,0,0,0,0,0,0,0,0,0,1,2,2,1,0,1,2,1,0,1,0,1,1,2,0,2,1,2,0,1,0,0,0,0,0,0,1,0,0,0,0,0,0,0,0,1,0,0,0,0,0,0,0,0,0,0,0,0,0,0,0,0,0,0,0,0,0,0,0,0,0,0,1,2,0,2,0,0,0,2,0,2,0,0,0,0,0,0,0
dog,1,0,2,0,0,4,2,4,0,3,0,3,1,1,0,3,2,2,4,2,0,0,3,4,0,2,4,1,0,2,2,0,0,0,0,0,0,0,0,0,0,0,0,0,0,0,0,1,0,0,0,0,0,0,0,0,0,1,0,0,0,0,0,0,0,0,0,0,0,0,0,0,0,0,0,0,0,1,0,0,0,0,0,0,0,0,0,0,0,0,0,0,0,0,0,0,0,0,0,0,0,0,0,0,0,0,0,0,0,0,0,0,0,1,2,0,2,0,0,0,2,0,2,0,0,0,0,0,0,0
donkey,1,0,2,0,0,3,3,5,3,0,0,5,1,2,0,5,1,1,4,2,1,0,3,5,0,2,5,0,0,2,3,0,1,0,0,0,0,0,0,0,0,1,0,0,0,0,0,0,0,0,0,0,1,1,0,0,0,1,1,0,0,0,0,0,1,0,1,0,0,0,1,0,0,0,0,0,0,1,0,0,0,0,0,0,0,0,1,0,0,0,0,0,0,0,0,0,0,0,0,0,0,0,0,0,0,0,0,0,0,0,0,0,0,1,2,0,2,0,0,0,2,0,2,0,1,0,0,1,0,0
duck,1,0,2,4,2,1,1,2,0,0,0,2,2,0,7,1,1,0,1,1,4,6,2,1,5,1,1,0,4,1,1,2,0,0,0,0,0,0,0,0,0,0,0,0,0,0,0,0,0,0,0,1,1,1,1,0,1,6,1,1,1,0,1,1,1,0,1,1,3,0,0,0,0,0,0,0,0,0,0,0,0,0,0,0,0,0,0,0,0,0,0,0,0,0,0,0,0,0,0,0,0,0,0,0,0,0,0,0,0,0,0,0,0,0,0,0,0,0,0,0,0,0,0,0,0,0,0,0,0,0
elephant,1,0,3,0,0,4,4,4,3,5,2,0,2,1,1,5,1,3,4,3,0,0,4,4,0,3,5,2,2,2,3,1,0,0,1,0,0,0,0,1,0,0,1,0,1,0,0,0,0,0,0,0,0,0,0,0,0,2,1,0,0,0,0,0,0,1,0,0,2,0,0,0,0,0,0,0,0,1,0,0,0,0,0,0,0,0,1,0,0,0,0,0,0,0,0,0,0,0,0,0,0,0,0,0,0,0,0,0,0,0,1,0,0,1,2,0,3,0,0,0,2,0,2,0,1,0,0,1,1,1
frog,2,0,0,0,0,3,3,2,1,1,2,2,0,0,0,2,0,0,1,1,1,1,2,2,0,2,2,0,1,3,0,0,0,0,0,0,0,0,0,0,0,0,0,0,0,0,0,0,0,0,1,1,1,0,0,0,0,2,0,1,1,0,1,1,0,0,0,0,1,0,0,0,0,0,0,0,0,1,0,0,0,0,0,0,0,1,0,0,0,0,0,0,0,0,0,0,0,0,0,0,0,0,0,0,0,0,0,0,0,0,0,0,0,0,1,0,1,0,0,0,1,0,1,1,0,0,0,0,0,0
giraffe,0,0,2,0,0,1,2,2,1,2,0,1,0,0,0,1,1,0,2,0,1,0,1,1,0,1,2,1,0,1,1,0,0,0,1,0,0,0,0,1,0,0,0,0,0,0,0,0,0,1,1,1,2,1,0,1,2,0,1,1,0,1,1,0,1,1,2,0,0,0,1,0,0,0,0,0,0,0,0,0,0,0,0,0,0,0,1,0,0,0,0,0,0,0,0,0,0,0,0,0,0,0,0,0,0,0,0,0,0,0,0,0,0,1,1,0,1,0,0,0,1,0,1,0,0,0,0,0,0,0
goose,0,0,3,4,2,0,2,1,0,0,7,1,0,0,0,1,2,1,1,1,4,5,1,0,6,1,0,1,4,0,1,3,0,0,1,0,0,0,0,1,0,0,1,0,1,0,0,0,0,0,0,1,1,2,1,0,2,5,1,0,1,0,1,1,1,1,1,1,2,0,0,0,0,0,0,0,0,0,0,0,0,0,0,0,0,0,1,0,0,0,0,0,0,0,0,0,0,0,0,0,0,1,1,1,0,0,0,0,0,0,2,0,0,0,0,0,1,0,0,0,0,0,0,0,0,0,0,0,1,1
horse,1,0,2,0,0,4,4,5,3,5,1,5,2,1,1,0,1,3,4,2,0,0,4,7,0,3,5,1,2,2,4,3,4,1,2,2,1,2,1,1,2,2,2,0,1,0,0,0,0,0,0,0,0,0,0,0,0,2,0,0,0,0,0,0,0,1,0,0,1,0,0,0,0,0,0,0,0,1,0,0,0,0,0,0,0,0,1,0,0,0,0,0,0,0,0,0,0,0,0,0,0,0,0,0,0,0,0,0,0,0,1,0,0,1,2,0,3,0,0,0,2,0,2,0,0,0,0,0,1,1
lamb,0,1,4,1,0,2,5,3,2,1,1,1,0,1,2,1,0,1,3,2,0,2,2,1,2,9,2,2,2,1,3,0,0,0,0,0,0,0,0,0,0,0,0,0,0,0,0,0,0,0,0,2,1,3,1,0,3,1,1,0,1,0,1,1,1,0,2,2,1,0,1,0,0,0,0,0,1,0,1,0,0,1,0,0,0,0,0,0,0,0,0,0,0,0,0,0,0,0,0,0,0,2,2,1,0,0,0,0,0,0,1,1,0,1,1,0,2,0,0,0,2,0,1,0,0,0,0,0,0,0
lion,2,0,3,0,0,2,1,2,2,1,0,3,0,0,1,3,1,0,2,2,0,0,1,2,0,0,2,5,1,0,2,1,0,0,1,0,0,0,0,1,0,0,1,0,1,0,0,0,0,0,0,0,0,0,0,0,0,0,0,0,0,0,0,0,0,1,0,0,1,0,0,0,0,0,0,0,0,0,0,0,0,0,0,0,0,0,1,0,0,0,0,0,1,0,0,0,0,0,0,0,0,0,0,0,0,0,0,0,0,0,1,0,0,0,0,0,1,0,0,0,0,0,0,0,0,0,0,0,1,1
moose,0,0,5,0,0,3,5,7,4,4,1,4,1,2,1,4,3,2,0,1,1,0,2,4,0,3,4,2,2,2,3,1,0,0,1,0,0,0,0,1,0,0,1,0,1,0,0,1,0,0,0,0,1,1,0,0,0,1,0,0,0,0,0,0,1,1,1,0,2,0,1,0,0,0,0,0,0,1,0,0,0,0,0,0,0,0,2,0,0,0,0,0,0,0,0,0,0,0,0,0,0,0,0,0,0,0,0,0,0,0,1,0,0,1,2,0,3,0,0,0,2,0,2,0,0,0,0,0,1,1
mouse,1,1,2,0,1,4,2,2,2,2,1,3,1,0,1,2,2,2,1,0,0,2,2,4,1,2,5,2,1,1,2,0,0,1,0,0,0,0,0,0,0,1,0,0,0,0,0,0,0,0,0,0,1,1,0,0,1,1,0,1,1,0,1,0,0,0,1,1,0,0,0,0,0,0,0,0,0,0,0,0,0,0,0,0,0,0,1,0,0,0,0,0,1,0,0,0,0,0,1,0,0,1,1,1,0,0,0,0,0,0,1,0,1,0,0,1,0,0,0,0,0,0,0,0,1,0,0,2,0,1
owl,0,0,1,4,2,2,2,2,0,1,4,0,1,1,4,0,0,0,1,0,0,2,0,0,3,0,1,0,2,0,0,2,0,0,0,0,0,0,0,0,0,0,0,0,0,0,0,0,0,0,0,0,1,1,0,0,0,4,0,0,0,0,0,0,1,0,1,0,0,0,1,0,0,0,0,0,0,0,0,0,0,0,0,0,0,0,1,0,0,0,0,0,0,0,0,0,0,0,0,0,0,0,0,0,0,0,0,0,0,0,0,0,0,0,0,0,0,0,0,0,0,0,0,0,0,0,0,0,0,0
penguin,1,2,4,3,2,0,2,0,0,0,6,0,1,0,5,0,2,0,0,2,2,0,0,1,4,2,1,1,1,2,2,1,0,1,0,0,0,0,0,0,0,1,0,0,0,0,0,0,0,0,0,0,1,1,0,0,1,2,0,2,1,0,1,0,0,0,2,1,1,0,1,0,0,0,0,0,0,0,0,0,0,0,0,0,0,0,1,0,0,0,0,0,1,0,0,0,0,0,1,0,0,1,1,1,0,0,0,0,0,0,1,0,1,0,0,1,0,0,0,0,0,0,0,0,0,0,0,1,0,1
pig,1,0,1,0,0,4,4,4,3,3,2,4,2,1,1,4,2,1,2,2,0,0,0,4,1,3,4,0,2,2,2,0,0,0,0,0,0,0,0,0,0,0,0,0,0,0,0,0,0,0,0,1,1,1,1,0,1,3,1,0,1,0,1,1,1,0,1,1,2,0,0,0,0,0,0,0,0,1,0,0,0,0,2,0,0,0,0,0,0,0,0,0,0,0,0,0,0,0,0,0,0,0,0,0,0,0,0,0,0,0,0,0,0,1,2,0,2,0,0,0,2,0,2,0,0,0,0,0,0,0
pony,1,1,1,0,1,4,3,4,4,5,1,4,2,1,0,7,1,2,4,4,0,1,4,0,0,3,5,0,1,3,4,0,1,1,0,0,0,0,1,0,0,3,0,0,1,0,1,2,0,0,0,0,1,0,0,0,0,2,0,1,1,0,1,0,0,0,1,1,0,0,0,0,0,0,0,0,0,1,0,0,0,0,0,0,0,0,1,0,0,0,0,0,1,0,0,0,0,0,1,0,0,0,0,0,0,0,0,0,0,0,0,0,1,1,2,1,2,0,0,0,2,0,2,0,0,0,0,1,0,1
rooster,0,1,2,3,1,0,1,1,0,0,5,0,0,0,6,0,2,0,0,1,3,4,1,0,0,1,0,0,3,0,1,1,0,0,0,0,0,0,0,1,0,1,0,0,0,0,0,0,1,0,1,1,1,2,1,0,2,4,1,0,2,0,1,1,1,0,1,2,1,0,0,0,0,0,0,0,0,0,0,0,0,0,0,0,0,0,0,0,0,0,0,0,0,0,0,0,0,0,0,0,0,1,1,1,0,0,0,0,0,0,1,0,0,0,0,0,0,0,0,0,0,0,0,0,0,0,0,0,0,0
sheep,0,1,3,1,0,3,7,2,2,2,1,3,2,1,1,3,9,0,3,2,0,2,3,3,1,0,3,1,2,2,3,0,0,0,0,0,0,0,0,0,0,0,0,0,0,0,0,0,0,0,0,0,0,1,0,0,1,2,0,0,0,0,0,0,0,0,1,0,0,0,1,0,0,0,0,0,0,1,0,0,0,0,0,0,0,0,0,0,0,0,0,0,0,0,0,0,0,0,0,0,0,1,1,1,0,0,0,0,0,0,1,0,0,1,2,0,2,0,0,0,2,0,2,0,0,0,0,0,0,0
squirrel,1,1,3,0,1,5,4,7,4,5,1,5,2,2,0,5,2,2,4,5,1,1,4,5,0,3,0,1,1,3,2,1,1,1,0,1,0,1,1,0,1,1,0,0,0,0,0,0,0,0,0,0,2,1,0,0,0,2,0,1,1,0,1,0,1,0,2,1,0,0,1,0,0,0,0,0,0,1,0,0,0,0,0,0,0,0,2,0,0,0,0,0,1,0,0,0,0,0,1,0,0,0,0,0,0,0,0,0,0,0,0,0,1,1,2,1,2,0,0,0,2,0,2,0,1,0,0,2,0,1
tiger,1,1,5,1,0,3,2,1,1,0,0,2,0,1,1,1,2,5,2,2,0,1,0,0,0,1,1,0,1,0,2,1,0,0,1,0,0,0,0,1,0,0,1,0,1,0,0,0,0,0,0,0,0,0,0,1,1,0,0,1,0,1,0,0,0,2,1,0,1,0,1,0,0,0,0,0,0,0,0,0,0,0,0,0,0,0,1,0,0,0,0,0,1,0,0,0,0,0,0,0,0,0,0,0,0,0,0,0,0,0,1,0,0,0,0,0,1,0,0,0,0,0,0,0,0,0,0,0,1,1
turkey,0,0,1,2,1,1,3,1,0,0,4,2,1,0,4,2,2,1,2,1,2,1,2,1,3,2,1,1,0,0,0,2,0,0,1,0,0,0,0,1,0,0,1,0,1,0,0,0,0,0,0,1,1,1,1,0,1,4,1,0,1,0,1,1,1,1,1,1,2,0,0,0,0,0,0,0,0,0,0,0,0,0,0,0,0,0,1,0,0,0,0,0,0,0,0,0,0,0,0,0,0,0,0,0,0,0,0,0,0,0,1,0,0,0,0,0,1,0,0,0,0,0,0,0,0,0,0,0,1,1
turtle,2,1,1,0,1,2,2,2,2,2,1,2,3,1,0,2,1,0,2,1,0,2,2,3,0,2,3,0,0,0,1,0,0,1,0,0,0,0,0,1,0,2,0,1,0,0,0,0,0,0,1,1,2,0,0,0,1,1,0,2,2,0,2,1,0,0,1,1,1,0,0,0,0,0,0,0,0,1,0,0,0,0,0,0,0,1,1,0,0,0,0,0,1,0,0,0,1,0,1,0,0,0,0,0,0,0,0,0,0,0,1,0,1,2,2,1,2,0,0,0,2,0,2,1,1,0,1,2,0,1
zebra,1,1,4,1,0,2,3,4,2,3,1,3,0,1,1,4,3,2,3,2,0,2,2,4,1,3,2,2,0,1,0,0,0,0,0,0,0,0,0,0,0,0,0,0,0,0,0,0,0,0,0,0,0,1,0,0,1,0,0,0,0,0,0,0,0,0,1,0,1,0,1,0,0,0,0,0,0,0,0,0,0,0,0,0,0,0,0,0,0,0,0,0,0,0,0,0,0,0,0,0,0,1,1,1,0,0,0,0,0,0,1,0,0,1,1,0,1,0,0,0,1,0,1,0,0,0,0,0,0,0
airplane,0,0,1,2,2,0,1,1,0,0,2,1,0,0,3,3,0,1,1,0,2,1,0,0,1,0,1,1,2,0,0,0,3,1,3,3,2,2,2,2,5,2,2,0,1,0,0,0,1,0,0,0,0,0,0,0,0,2,0,0,0,0,0,0,0,1,0,0,1,0,0,0,0,0,0,0,0,0,0,0,0,0,0,0,0,0,1,0,0,1,1,0,1,0,0,1,1,0,1,1,0,0,0,0,0,1,1,0,1,0,1,0,0,1,0,0,1,1,1,1,0,1,0,0,0,1,0,0,1,1
bicycle,0,0,0,0,0,0,0,1,0,1,0,0,0,0,0,4,0,0,0,0,0,0,0,1,0,0,1,0,0,0,0,3,0,1,2,3,2,4,2,3,4,7,2,0,0,0,0,0,1,0,0,0,0,0,0,0,0,0,0,0,0,0,0,0,0,0,0,0,0,0,0,0,0,0,0,0,0,0,0,0,0,0,0,0,0,0,0,0,0,1,1,0,1,0,0,1,1,0,1,1,0,0,0,0,0,1,1,0,1,0,0,0,0,1,1,0,0,1,1,1,0,1,0,0,0,1,0,0,0,0
boat,0,1,0,0,1,0,0,0,0,0,0,0,0,0,0,1,0,0,0,1,0,1,0,1,0,0,1,0,0,1,0,1,1,0,1,1,2,1,1,0,1,2,1,0,1,0,0,0,0,1,0,0,1,0,0,0,0,0,0,1,1,0,1,0,0,0,1,1,0,0,0,0,0,0,0,0,0,0,0,0,0,0,0,0,1,0,2,0,1,1,0,0,1,0,0,0,1,0,1,0,0,0,0,0,0,0,1,0,0,0,1,0,1,1,1,1,0,1,0,0,0,0,1,0,0,0,1,1,0,2
bus,0,0,1,0,0,0,1,0,0,0,0,1,0,1,1,2,0,1,1,0,0,0,0,0,0,0,0,1,1,0,0,3,2,1,0,6,2,4,0,4,5,2,4,0,1,0,0,0,0,1,1,1,1,0,0,0,1,1,1,0,0,0,1,0,0,1,1,0,1,0,0,0,0,0,0,0,0,0,0,0,0,0,0,0,0,0,1,0,0,0,0,0,0,0,0,0,1,0,0,0,0,0,0,0,0,0,0,0,0,1,1,0,0,0,0,1,1,0,0,0,0,0,0,0,0,0,0,0,2,3
car,0,0,0,0,1,0,0,1,0,0,0,0,0,0,0,2,0,0,0,0,0,0,0,0,0,0,1,0,0,0,0,3,3,1,6,0,1,4,2,1,5,2,4,1,1,0,1,0,1,0,0,0,0,0,0,0,0,0,0,0,0,0,0,0,0,0,0,0,0,0,0,1,1,1,1,0,0,1,1,1,0,0,1,1,0,0,0,1,0,0,0,0,1,1,1,0,0,0,0,0,0,1,0,0,0,0,0,0,0,1,0,0,0,1,0,1,0,0,0,0,0,0,0,0,0,0,0,0,0,2
helicopter,0,0,0,0,0,0,0,0,0,0,0,0,0,0,0,1,0,0,0,0,0,0,0,0,0,0,0,0,0,0,0,2,2,2,2,1,0,2,1,2,3,2,1,0,0,0,0,0,1,0,0,0,0,0,0,0,0,1,0,0,0,0,0,0,0,0,0,0,0,0,0,0,0,0,0,0,0,0,0,0,0,0,0,0,0,0,0,0,0,2,1,0,1,0,0,1,2,0,1,1,0,0,0,0,0,2,1,0,1,0,1,0,0,1,0,0,0,1,1,1,0,1,0,0,0,1,0,0,0,0
motorcycle,0,0,0,0,0,0,0,1,0,0,0,0,0,0,0,2,0,0,0,0,0,0,0,0,0,0,1,0,0,0,0,2,4,1,4,4,2,0,1,2,5,2,3,0,0,0,0,0,0,0,0,0,0,0,0,0,0,1,0,0,0,0,0,0,0,0,0,0,0,0,0,0,0,0,0,0,0,0,0,0,0,0,0,0,0,0,0,0,0,0,0,0,0,0,0,0,1,0,0,0,0,0,0,0,0,0,0,0,0,0,0,0,0,0,0,0,0,0,0,0,0,0,0,0,0,0,0,0,0,0
sled,0,0,0,0,1,0,0,1,0,0,0,0,0,0,0,1,0,0,0,0,0,0,0,1,0,0,1,0,0,0,0,2,2,1,0,2,1,1,0,1,2,2,0,1,3,0,2,1,3,1,0,0,0,0,0,0,0,0,0,0,0,0,0,0,0,0,0,0,0,0,0,1,1,1,1,0,0,1,1,1,0,0,1,1,1,1,1,2,2,2,2,0,3,2,2,2,2,1,1,1,0,1,0,1,0,2,3,1,2,0,0,0,0,3,1,0,0,2,1,1,0,1,1,1,0,1,1,0,0,1
tractor,0,1,1,0,0,0,1,0,0,0,0,1,0,1,1,1,0,1,1,0,0,0,0,0,1,0,0,1,1,1,0,2,3,0,4,1,2,2,1,0,3,5,2,0,1,0,0,0,2,1,2,1,1,0,0,0,1,1,1,0,1,0,1,0,0,1,1,1,1,0,0,0,0,0,0,0,0,0,0,0,0,0,0,0,0,0,1,0,0,1,1,0,1,0,0,1,2,0,1,1,0,0,0,0,0,1,1,0,1,0,1,0,0,1,1,0,1,1,1,1,0,1,0,0,0,1,0,0,1,1
train,0,0,0,0,0,0,0,1,0,0,0,0,0,0,0,2,0,0,0,0,0,0,0,0,0,0,1,0,0,0,0,5,4,1,5,5,3,5,2,3,0,3,3,0,0,0,0,0,1,0,0,0,0,0,0,0,0,1,0,0,0,0,0,0,0,0,0,0,0,0,0,0,0,0,0,0,0,0,0,0,0,0,0,0,0,0,0,0,0,1,1,0,1,0,0,1,2,0,1,1,0,0,0,0,0,1,1,0,1,0,0,0,0,1,0,0,0,1,1,1,0,1,0,0,0,1,0,0,0,0
tricycle,0,2,0,0,1,0,0,0,0,1,0,0,0,0,0,2,0,0,0,1,0,1,0,3,1,0,1,0,0,2,0,2,7,2,2,2,2,2,2,5,3,0,2,0,1,0,1,1,2,0,1,0,1,0,0,0,0,0,0,1,2,0,1,0,0,0,1,2,0,0,0,0,0,0,0,0,0,0,0,0,0,0,0,0,0,0,1,0,0,1,1,0,2,0,0,1,1,0,2,1,0,0,0,0,0,1,1,0,1,0,0,0,1,1,1,1,0,1,1,1,0,1,0,0,0,1,0,1,0,1
truck,0,0,1,0,0,0,1,0,0,0,0,1,0,0,1,2,0,1,1,0,0,0,0,0,0,0,0,1,1,0,0,2,2,1,4,4,1,3,0,2,3,2,0,0,1,0,0,0,0,0,0,0,0,0,0,0,0,0,0,0,0,0,0,0,0,1,0,0,1,0,0,0,0,0,0,0,0,0,0,0,0,0,0,0,0,0,1,0,0,0,0,0,0,0,0,0,1,0,0,0,0,0,0,0,0,0,0,0,0,0,1,0,0,0,0,0,2,0,0,0,0,0,0,0,1,0,0,1,1,1
ball,0,0,0,0,1,0,0,0,0,0,0,0,0,0,0,0,0,0,0,0,0,0,0,0,0,0,0,0,0,1,0,0,0,0,0,1,0,0,1,0,0,0,0,0,2,0,1,1,2,0,1,1,0,0,0,0,1,0,0,0,1,1,1,1,0,1,0,0,0,0,0,1,1,1,1,0,0,1,1,1,0,0,1,1,0,0,0,2,0,0,1,1,1,1,2,0,0,0,0,0,0,1,0,1,0,0,0,0,1,0,1,0,0,2,0,0,0,0,0,0,0,0,1,1,2,0,1,3,0,0
balloon,0,0,1,0,2,0,1,0,0,0,0,1,0,0,1,1,0,1,1,0,0,0,0,1,0,0,0,1,1,0,0,1,0,1,1,1,0,0,3,1,0,1,1,2,0,0,3,1,3,0,1,1,0,0,0,0,0,0,0,0,1,1,1,1,0,2,0,0,1,0,1,1,1,1,1,0,0,1,2,1,0,0,1,1,0,1,1,3,1,1,2,1,2,2,3,1,0,1,0,0,0,1,0,2,0,1,1,1,2,0,1,0,0,1,0,0,1,0,0,0,0,0,1,3,0,0,0,1,1,1
book,0,0,0,0,0,0,0,0,0,0,0,0,0,0,0,0,0,0,0,0,0,0,0,0,0,0,0,0,0,0,0,0,0,0,0,0,0,0,0,0,0,0,0,0,0,0,0,0,0,0,0,0,0,0,0,0,0,0,0,0,0,0,0,0,0,0,0,0,0,0,0,0,0,0,0,0,0,0,0,0,0,0,0,0,0,0,0,0,0,0,0,0,0,0,0,0,0,0,0,0,0,1,0,1,0,0,0,0,0,0,0,0,0,0,0,0,0,0,0,0,0,0,0,0,0,0,0,0,0,0
crayon,0,0,0,0,2,0,0,0,0,0,0,0,0,0,0,0,0,0,0,0,0,0,0,1,0,0,0,0,0,0,0,0,0,0,0,1,0,0,2,0,0,1,0,1,3,0,0,1,2,2,0,0,0,0,0,0,0,0,0,0,0,0,0,0,0,0,0,0,0,0,0,1,1,1,1,0,0,1,2,1,0,0,1,1,0,0,0,1,0,0,0,0,1,1,1,0,0,0,0,0,0,1,0,0,0,0,0,0,0,0,0,0,0,1,0,0,0,0,0,0,0,0,0,0,0,0,0,0,0,0
doll,0,0,0,0,0,0,0,0,1,0,0,0,0,0,0,0,0,0,1,0,0,0,0,2,0,0,0,0,0,0,0,0,0,0,0,0,0,0,1,0,0,1,0,1,1,0,1,0,0,0,0,0,0,0,0,0,0,0,0,0,0,0,0,0,0,0,0,0,0,0,0,0,0,0,0,0,0,0,0,0,0,0,0,0,0,0,0,0,0,0,0,0,0,1,0,0,0,0,0,0,0,0,0,1,0,0,0,0,0,0,0,0,0,0,0,0,0,0,0,1,0,0,0,0,0,0,0,0,0,0
pen,1,1,0,0,1,0,0,0,0,0,0,0,0,0,0,0,0,0,0,0,0,0,0,0,1,0,0,0,0,0,0,1,1,0,0,1,1,0,3,2,1,2,0,2,3,0,2,0,0,3,2,2,0,0,0,2,0,0,0,0,2,1,1,1,0,1,0,1,0,2,1,2,2,1,2,1,0,2,2,1,0,0,1,1,0,1,0,3,2,2,3,1,4,2,3,2,1,1,1,1,0,1,0,2,0,2,2,1,3,0,0,0,0,3,0,0,0,1,1,1,0,1,1,4,0,1,2,1,0,0
pencil,1,0,0,0,0,0,0,0,0,0,0,0,0,1,0,0,0,0,0,0,0,0,0,0,0,0,0,0,0,0,0,0,0,1,1,0,0,0,1,1,0,0,0,0,0,0,2,0,3,0,1,2,1,0,0,1,1,0,1,0,0,0,1,0,0,0,1,0,0,2,1,1,1,0,0,1,0,1,1,0,0,0,0,0,1,0,1,0,2,0,0,0,1,0,0,0,1,0,0,0,0,0,0,0,0,0,1,0,0,0,0,0,0,2,1,0,0,1,0,0,0,0,1,2,0,0,3,0,0,1
apple,1,1,0,0,0,0,0,0,0,0,0,0,1,1,0,0,0,0,0,0,0,0,0,0,1,0,0,0,0,1,0,0,0,0,1,0,0,0,0,2,0,1,0,1,1,0,0,0,2,1,0,3,2,0,1,1,1,0,2,0,7,4,3,7,1,3,2,4,0,0,0,0,0,0,0,0,0,0,0,0,0,0,0,0,0,1,0,1,0,0,1,1,0,0,1,0,0,0,0,0,0,0,0,1,0,0,0,0,1,0,0,0,0,0,0,0,0,0,0,0,0,0,1,2,0,0,0,1,0,0
banana,2,0,0,0,0,0,0,1,0,0,1,0,1,1,1,0,2,0,0,0,0,0,1,0,1,0,0,0,1,1,0,0,0,0,1,0,0,0,0,1,0,0,0,1,1,0,0,0,2,2,3,0,3,2,2,1,4,1,2,0,4,2,5,4,1,1,2,3,2,1,1,1,1,0,0,1,1,1,2,0,0,1,0,0,0,1,0,1,1,0,1,1,0,0,1,0,0,0,0,0,0,1,1,1,0,0,0,0,1,0,0,1,0,1,0,0,1,0,0,0,1,0,1,3,0,0,1,1,0,0
beans,1,1,1,0,1,0,1,2,0,1,1,0,1,2,1,0,1,0,1,1,1,1,1,1,1,0,2,0,1,2,0,0,0,1,1,0,0,0,0,1,0,1,0,0,0,0,0,0,0,1,2,3,0,2,2,1,2,1,2,1,3,0,5,2,4,0,4,2,1,0,1,0,0,0,0,0,0,0,0,0,0,0,0,0,0,1,2,0,0,0,0,0,1,0,0,0,0,0,1,0,0,0,0,0,0,0,0,0,0,0,0,0,1,0,0,1,0,0,0,0,0,0,0,1,0,0,0,1,0,1
bread,0,0,2,0,0,0,2,2,0,1,1,0,0,1,2,0,3,0,1,1,1,1,1,0,2,1,1,0,1,0,1,0,0,0,0,0,0,0,0,0,0,0,0,0,0,0,0,0,0,0,0,2,2,0,1,0,3,1,1,0,1,0,1,1,2,0,2,2,1,0,1,0,0,0,0,0,1,0,1,0,0,1,0,0,0,0,1,0,0,0,0,0,0,0,0,0,0,0,0,0,0,2,2,1,0,0,0,0,0,0,1,1,0,0,0,0,1,0,0,0,1,0,0,0,0,0,0,0,0,0
cake,0,0,0,0,0,0,0,1,0,0,1,0,0,0,1,0,1,0,0,0,0,0,1,0,1,0,0,0,1,0,0,0,0,0,0,0,0,0,0,0,0,0,0,0,0,0,0,0,0,0,1,2,2,1,0,0,3,1,2,0,3,1,2,3,2,0,2,3,2,0,0,0,0,0,0,0,0,0,0,0,0,0,0,0,0,0,0,0,0,0,0,0,0,0,0,0,0,0,0,0,0,0,0,0,0,0,0,0,0,0,0,0,0,0,0,0,0,0,0,0,0,0,0,0,0,0,0,0,0,0
carrots,1,0,0,0,0,0,0,0,0,0,0,0,0,1,0,0,0,0,0,0,0,0,0,0,0,0,0,1,0,0,0,0,0,0,0,0,0,0,0,0,0,0,0,0,0,0,0,0,2,1,1,1,1,0,0,0,1,0,0,1,0,1,1,1,1,1,0,0,0,1,1,1,1,0,0,1,0,1,1,0,0,0,0,0,0,0,0,0,1,0,0,0,0,0,0,0,0,0,0,0,0,0,0,0,0,0,0,0,0,0,0,0,0,1,0,0,0,0,0,0,0,0,0,1,0,0,1,0,0,0
cheese,0,0,1,0,0,0,1,1,0,0,1,0,0,2,2,0,3,0,0,1,0,1,1,0,2,1,0,1,1,1,1,0,0,0,1,0,0,0,0,1,0,0,0,1,0,0,0,0,0,1,1,4,2,3,3,1,0,1,2,1,2,1,3,3,1,1,2,3,3,0,0,0,0,0,0,0,1,0,1,0,0,1,0,0,0,0,0,0,0,0,0,0,0,0,0,0,0,0,0,0,0,2,2,1,0,0,0,0,0,0,2,1,0,1,0,0,1,0,0,0,1,0,0,0,1,0,1,1,0,0
chicken,0,0,0,4,2,2,2,2,1,1,6,2,2,0,5,2,1,0,1,1,4,2,3,2,4,2,2,0,4,1,0,2,0,0,1,0,1,1,0,1,1,0,0,0,0,0,0,0,0,0,0,1,1,1,1,0,1,0,1,0,1,0,1,1,1,0,1,1,1,0,0,0,0,0,0,0,0,1,0,0,0,0,0,0,0,0,0,0,0,0,0,0,0,0,0,0,1,0,0,0,0,0,0,0,0,0,0,0,0,0,0,0,0,0,1,0,1,0,0,0,1,0,1,0,0,0,0,0,0,0
corn,0,0,0,0,0,0,0,1,0,1,1,1,0,1,1,0,1,0,0,0,0,0,1,0,1,0,0,0,1,0,0,0,0,0,1,0,0,0,0,1,0,0,0,0,0,0,0,0,0,1,2,2,2,1,2,0,2,1,0,0,2,1,2,2,1,0,3,2,1,0,0,0,0,0,0,0,0,0,0,0,0,0,0,0,0,0,0,0,0,0,0,0,0,0,0,0,0,0,0,0,0,0,0,0,0,0,0,0,0,0,0,0,0,0,0,0,0,0,0,0,0,0,0,0,0,0,0,0,0,0
fish,2,1,0,0,1,0,0,0,0,0,1,0,1,1,0,0,0,0,0,1,0,2,0,1,0,0,1,1,0,2,0,0,0,1,0,0,0,0,0,0,0,1,0,0,0,0,0,0,0,0,0,0,1,0,0,1,1,0,0,0,1,1,1,0,0,1,1,1,3,0,0,0,0,0,0,0,0,0,0,0,0,0,0,0,0,0,1,0,0,0,0,0,1,0,0,0,0,0,2,0,0,0,0,0,0,0,0,0,0,0,0,0,1,0,0,1,0,0,0,0,0,0,0,0,0,0,0,1,0,1
grapes,1,2,0,0,1,0,0,1,0,0,1,0,1,0,1,0,1,0,0,1,0,1,1,1,2,0,1,0,1,2,0,0,0,1,0,0,0,0,0,1,0,2,0,1,1,0,0,0,2,0,7,4,3,1,3,0,2,1,2,1,0,5,5,7,2,2,3,7,2,0,0,0,0,0,0,0,0,0,0,0,0,0,0,0,0,1,1,1,0,0,1,1,1,0,1,0,0,0,1,0,0,0,0,1,0,0,0,0,1,0,0,0,1,0,0,1,0,0,0,0,0,0,1,2,0,0,0,2,0,1
orange,0,0,0,0,0,0,0,0,0,0,0,0,0,1,0,0,0,0,0,0,0,0,0,0,0,0,0,1,0,0,0,0,0,0,0,0,0,0,0,0,0,0,0,1,1,0,0,0,1,0,4,2,0,0,1,1,1,0,1,1,5,0,1,4,0,3,1,3,0,0,0,0,0,0,0,0,0,0,0,0,0,0,0,0,0,0,0,1,0,0,1,1,0,0,1,0,0,0,0,0,1,0,0,1,0,0,0,0,1,0,0,0,0,0,0,0,0,0,0,0,0,0,1,1,0,0,0,1,0,0
peas,1,1,0,0,1,0,0,1,0,0,1,0,1,1,1,0,1,0,0,1,0,1,1,1,1,0,1,0,1,2,0,0,0,1,1,0,0,0,0,1,0,1,0,1,1,0,0,0,1,1,3,5,5,1,2,1,3,1,2,1,5,1,0,4,2,1,3,3,2,0,0,0,0,0,0,0,0,0,0,0,0,0,0,0,0,1,1,1,0,0,1,1,1,0,1,0,0,0,1,0,0,0,0,1,0,0,0,0,1,0,0,0,1,0,0,1,0,0,0,0,0,0,1,2,0,0,0,2,0,1
pickle,1,0,0,0,0,0,0,1,0,0,1,0,1,0,1,0,1,0,0,0,0,0,1,0,1,0,0,0,1,1,0,0,0,0,0,0,0,0,0,0,0,0,0,1,1,0,0,0,1,0,7,4,2,1,3,1,3,1,2,0,7,4,4,0,1,2,2,5,3,0,0,0,0,0,0,0,0,0,0,0,0,0,0,0,0,1,0,1,0,0,1,1,0,0,1,0,0,0,0,0,0,0,0,1,0,0,0,0,1,0,0,0,0,0,0,0,0,0,0,0,0,0,1,2,0,0,0,1,0,0
potato,0,0,1,0,0,0,1,2,0,1,1,0,0,1,1,0,1,0,1,0,1,0,1,0,1,0,1,0,1,0,0,0,0,0,0,0,0,0,0,0,0,0,0,0,0,0,0,0,0,0,1,1,4,2,2,1,1,1,1,0,2,0,2,1,0,0,2,1,1,0,1,0,0,0,0,0,0,0,0,0,0,0,0,0,0,0,1,0,0,0,0,0,0,0,0,0,0,0,0,0,0,0,0,0,0,0,0,0,0,0,0,0,0,0,0,0,0,0,0,0,0,0,0,0,0,0,0,0,0,0
pumpkin,0,0,1,0,0,0,1,0,0,0,0,1,0,1,1,1,0,1,1,0,0,0,0,0,0,0,0,2,1,0,0,1,0,0,1,0,0,0,0,1,0,0,1,1,2,0,0,0,1,0,3,1,0,0,0,1,1,0,0,1,2,3,1,2,0,0,0,1,1,0,0,0,0,0,0,0,0,0,0,0,0,0,0,0,0,0,1,1,0,0,1,1,0,0,1,0,0,0,0,0,0,0,0,1,0,0,0,0,1,0,1,0,0,0,0,0,1,0,0,0,0,0,1,1,0,0,0,1,1,1
raisin,0,2,2,1,1,0,2,2,0,1,1,0,0,2,1,0,2,0,1,1,1,2,1,1,1,1,2,1,1,1,1,0,0,1,1,0,0,0,0,1,0,1,0,0,0,0,0,0,0,1,2,2,4,2,2,0,2,1,3,1,3,1,3,2,2,0,0,3,1,0,2,0,0,0,0,0,0,0,0,0,0,0,0,0,0,0,2,0,0,0,0,0,1,0,0,0,0,0,1,0,0,0,0,0,0,0,0,0,0,0,0,0,1,0,0,1,0,0,0,0,0,0,0,0,0,0,0,1,0,1
strawberry,0,2,0,0,1,0,0,1,0,0,1,0,0,0,1,0,2,0,0,1,0,1,1,1,2,0,1,0,1,1,0,0,0,1,0,0,0,0,0,1,0,2,0,0,0,0,0,0,1,0,4,3,2,2,3,0,3,1,2,1,7,3,3,5,1,1,3,0,2,0,0,0,0,0,0,0,1,0,1,0,0,1,0,0,0,0,1,0,0,0,0,0,1,0,0,0,0,0,1,0,0,1,1,0,0,0,0,0,0,0,0,1,1,0,0,1,1,0,0,0,1,0,0,0,0,0,0,1,0,1
tuna,1,0,2,0,0,0,2,2,0,0,3,2,1,0,2,1,1,1,2,0,0,1,2,0,1,0,0,1,2,1,1,1,0,0,1,0,0,0,0,1,0,0,1,0,1,0,0,0,0,0,0,2,1,1,2,0,3,1,1,3,2,0,2,3,1,1,1,2,0,0,0,0,0,0,0,0,0,0,0,0,0,0,1,0,0,0,1,0,0,0,0,0,0,0,0,0,0,0,0,0,0,0,0,0,0,0,0,0,0,0,1,0,0,0,0,0,1,0,0,0,0,0,0,0,0,0,0,0,1,1
belt,1,0,0,0,0,0,0,0,0,0,0,0,0,0,0,0,0,0,0,0,0,0,0,0,0,0,0,0,0,0,0,0,0,0,0,0,0,0,0,0,0,0,0,0,0,0,0,0,2,2,0,1,0,0,0,1,0,0,0,0,0,0,0,0,0,0,0,0,0,0,2,2,2,1,0,1,0,2,1,1,3,1,2,0,0,0,0,0,1,0,0,0,1,0,0,0,0,0,0,0,0,0,0,0,0,0,0,0,0,0,0,0,0,1,0,0,2,0,0,0,0,0,0,2,0,0,2,0,0,0
boots,1,1,2,1,0,0,2,1,0,1,0,0,0,1,0,0,1,0,1,0,1,1,0,0,0,1,1,1,0,0,1,0,0,0,0,0,0,0,0,0,0,0,0,0,1,0,0,0,1,1,0,1,1,1,0,1,0,0,0,0,0,0,0,0,1,0,2,0,0,2,0,5,2,2,0,1,0,3,2,1,8,4,3,1,0,0,1,0,1,0,0,0,0,0,0,0,0,0,0,0,0,0,0,0,0,0,0,0,0,0,0,0,0,1,0,0,1,0,0,0,0,0,0,2,0,0,1,0,0,0
coat,1,0,0,0,1,0,0,0,0,0,0,0,0,0,0,0,0,0,0,0,0,0,0,0,0,0,0,0,0,0,0,0,0,0,0,1,0,0,1,0,0,0,0,1,1,0,1,0,2,1,0,1,0,0,0,1,0,0,0,0,0,0,0,0,0,0,0,0,0,2,5,0,3,8,4,1,2,7,5,6,3,2,4,7,0,0,0,1,1,0,0,0,1,1,1,0,0,0,0,0,0,1,0,0,0,0,0,1,0,0,0,1,0,2,0,0,1,0,0,0,0,0,0,1,0,0,1,0,0,1
dress,1,0,0,0,1,0,0,0,0,0,0,0,0,0,0,0,0,0,0,0,0,0,0,0,0,0,0,0,0,0,0,0,0,0,0,1,0,0,1,0,0,0,0,1,1,0,1,0,2,1,0,1,0,0,0,1,0,0,0,0,0,0,0,0,0,0,0,0,0,2,2,3,0,2,1,2,0,4,2,4,1,0,2,2,0,0,0,1,1,0,0,0,1,1,1,0,0,0,0,0,0,1,0,0,0,0,0,0,0,0,0,0,0,2,0,0,1,0,0,0,0,0,0,1,0,0,1,0,0,0
jacket,0,0,0,0,1,0,0,0,0,0,0,0,0,0,0,0,0,0,0,0,0,0,0,0,0,0,0,0,0,0,0,0,0,0,0,1,0,0,1,0,0,0,0,1,1,0,1,0,1,0,0,0,0,0,0,0,0,0,0,0,0,0,0,0,0,0,0,0,0,1,2,8,2,0,5,0,1,3,1,4,1,1,1,3,0,0,0,1,0,0,0,0,1,1,1,0,0,0,0,0,0,1,0,0,0,0,0,1,0,0,0,1,0,1,0,0,1,0,0,0,0,0,0,0,0,0,0,0,0,1
jeans,0,0,0,0,1,0,0,0,0,0,0,0,0,0,0,0,0,0,0,0,0,0,0,0,0,0,0,0,0,0,0,0,0,0,0,1,0,0,1,0,0,0,0,1,1,0,1,0,2,0,0,0,0,0,0,0,0,0,0,0,0,0,0,0,0,0,0,0,0,0,0,4,1,5,0,0,1,3,1,3,0,1,1,1,0,0,0,1,0,0,0,0,1,1,1,0,0,0,0,0,0,1,1,0,0,0,0,1,0,0,0,1,0,1,1,0,1,0,0,0,1,0,0,0,0,0,0,0,0,0
necklace,1,0,0,0,0,0,0,0,0,0,0,0,0,0,0,0,0,0,0,0,0,0,0,0,0,0,0,0,0,0,0,0,0,0,0,0,0,0,0,0,0,0,0,0,0,0,0,0,1,1,0,1,0,0,0,1,0,0,0,0,0,0,0,0,0,0,0,0,0,1,1,1,2,0,0,0,0,2,2,1,0,0,0,0,0,0,0,0,1,0,0,0,0,0,0,1,0,0,0,0,0,0,0,0,0,0,0,0,0,0,0,0,0,1,0,0,0,0,0,0,0,0,0,1,0,0,1,0,0,0
pajamas,0,0,0,0,0,0,0,0,0,0,0,0,0,0,0,0,1,0,0,0,0,0,0,0,0,0,0,0,0,0,0,0,0,0,0,0,0,0,0,0,0,0,0,0,0,0,0,0,0,0,0,1,0,1,0,0,1,0,0,0,0,0,0,0,0,0,0,1,0,0,0,2,0,1,1,0,0,0,1,1,0,2,1,2,0,0,0,0,0,0,0,0,0,0,0,0,0,0,0,0,0,1,2,0,0,0,0,0,0,0,0,3,0,0,1,0,2,0,0,0,2,0,0,0,0,0,0,0,0,1
pants,1,0,0,0,1,1,1,1,1,1,0,1,1,0,0,1,0,0,1,0,0,0,1,1,0,1,1,0,0,1,0,0,0,0,0,1,0,0,1,0,0,0,0,1,1,0,1,0,2,1,0,1,0,0,0,1,0,1,0,0,0,0,0,0,0,0,0,0,0,2,3,7,4,3,3,2,0,0,3,7,2,1,3,2,0,0,0,1,1,0,0,0,1,1,1,0,0,0,0,0,0,1,0,0,0,0,0,1,0,0,0,0,0,2,1,0,2,0,0,0,1,0,1,1,0,0,1,0,0,0
scarf,1,0,0,0,2,0,0,0,0,0,0,0,0,0,0,0,1,0,0,0,0,0,0,0,0,0,0,0,0,0,0,0,0,0,0,1,0,0,1,0,0,0,0,1,2,0,2,0,2,1,0,2,0,1,0,1,1,0,0,0,0,0,0,0,0,0,0,1,0,1,2,5,2,1,1,2,1,3,0,2,0,2,3,4,0,0,0,1,1,0,0,0,1,1,1,0,0,0,0,0,0,2,1,0,0,0,0,0,0,0,0,1,0,2,0,0,1,0,0,0,1,0,0,1,0,0,1,0,0,0
shirt,0,0,0,0,1,0,0,0,0,0,0,0,0,0,0,0,0,0,0,0,0,0,0,0,0,0,0,0,0,0,0,0,0,0,0,1,0,0,1,0,0,0,0,1,1,0,1,0,1,0,0,0,0,0,0,0,0,0,0,0,0,0,0,0,0,0,0,0,0,1,1,6,4,4,3,1,1,7,2,0,1,1,4,4,0,0,0,1,0,0,0,0,1,1,1,0,0,0,0,0,0,1,0,0,0,0,0,1,0,0,0,0,0,1,0,0,1,0,0,0,0,0,0,0,0,0,0,0,0,0
shoe,0,0,0,0,0,0,0,0,0,0,0,0,0,0,0,0,0,0,0,0,0,0,0,0,0,0,0,0,0,0,0,0,0,0,0,0,0,0,0,0,0,0,0,0,0,0,0,0,0,0,0,0,0,0,0,0,0,0,0,0,0,0,0,0,0,0,0,0,0,3,8,3,1,1,0,0,0,2,0,1,0,2,2,0,0,0,0,0,0,0,0,0,0,0,0,0,0,0,0,0,0,0,0,1,0,0,0,0,0,0,0,1,0,0,0,0,2,0,0,0,0,0,0,0,0,0,0,0,0,0
slipper,0,0,0,0,0,0,0,0,0,0,0,0,0,0,0,0,1,0,0,0,0,0,0,0,0,0,0,0,0,0,0,0,0,0,0,0,0,0,0,0,0,0,0,0,0,0,0,0,0,0,0,1,0,1,0,0,1,0,0,0,0,0,0,0,0,0,0,1,0,1,4,2,0,1,1,0,2,1,2,1,2,0,3,1,0,0,0,0,0,0,0,0,0,0,0,0,0,0,0,0,0,1,3,0,0,0,0,0,0,0,0,2,0,0,1,0,3,0,0,0,2,0,0,0,0,0,0,0,0,0
sock,0,0,0,0,1,0,1,0,0,0,0,0,0,0,0,0,0,0,0,0,0,0,2,0,0,0,0,0,0,0,0,0,0,0,0,1,0,0,1,0,0,0,0,1,1,0,1,0,1,0,0,0,0,0,0,0,0,0,0,0,0,0,0,0,0,0,0,0,1,2,3,4,2,1,1,0,1,3,3,4,2,3,0,4,0,0,0,1,0,0,0,0,1,1,1,0,0,0,0,0,0,1,0,0,0,0,0,0,0,0,0,0,0,1,0,0,1,0,0,0,0,0,0,0,0,0,0,0,0,0
sweater,0,0,0,0,1,0,0,0,0,0,0,0,0,0,0,0,0,0,0,0,0,0,0,0,0,0,0,0,0,0,0,0,0,0,0,1,0,0,1,0,0,0,0,1,1,0,1,0,1,0,0,0,0,0,0,0,0,0,0,0,0,0,0,0,0,0,0,0,0,0,1,7,2,3,1,0,2,2,4,4,0,1,4,0,0,0,0,1,0,0,0,0,1,1,1,0,0,0,0,0,0,1,0,0,0,0,0,0,0,0,0,1,0,1,0,0,0,0,0,0,0,0,0,0,0,0,0,0,0,1
basket,0,0,0,0,0,0,0,0,0,0,0,0,0,0,0,0,0,0,0,0,0,0,0,0,0,0,0,0,0,0,0,0,0,1,0,0,0,0,1,0,0,0,0,0,0,0,0,0,0,1,0,0,0,0,0,0,0,0,0,0,0,0,0,0,0,0,0,0,0,0,0,0,0,0,0,0,0,0,0,0,0,0,0,0,0,1,1,1,2,1,2,0,0,1,0,1,2,1,0,1,0,0,0,0,0,0,2,0,1,0,0,0,0,1,1,0,0,2,0,0,0,0,1,0,0,1,1,0,0,1
bottle,1,0,0,0,0,0,0,0,0,0,0,0,1,0,0,0,0,0,0,0,0,0,0,0,0,0,0,0,0,1,0,0,0,0,0,0,0,0,1,0,0,0,0,0,1,0,0,0,1,0,1,1,1,0,0,0,0,0,0,0,1,0,1,1,0,0,0,0,0,0,0,0,0,0,0,0,0,0,0,0,0,0,0,0,1,0,1,2,1,1,2,0,1,4,2,1,0,5,0,0,0,0,0,2,0,1,1,1,2,0,0,0,0,0,0,0,0,0,0,0,0,0,0,2,0,0,0,0,0,0
box,0,1,2,0,1,0,2,1,0,1,0,1,0,1,1,1,0,1,2,1,1,1,0,1,0,0,2,1,1,1,0,1,0,2,1,0,0,0,1,1,0,1,1,0,1,0,0,0,0,1,0,0,2,1,0,0,0,0,0,1,1,0,1,0,1,1,2,1,1,0,1,0,0,0,0,0,0,0,0,0,0,0,0,0,1,1,0,0,1,0,0,0,1,0,0,0,1,1,1,0,0,1,0,0,0,0,1,0,2,1,1,0,1,1,1,2,1,2,0,0,0,0,2,0,0,0,1,1,1,3
bowl,0,0,0,0,1,0,0,0,0,0,0,0,0,0,0,0,0,0,0,0,0,0,0,0,0,0,0,0,0,0,0,0,0,0,0,1,0,0,2,0,0,0,0,2,3,0,1,0,3,0,1,1,0,0,0,0,0,0,0,0,1,1,1,1,0,1,0,0,0,0,0,1,1,1,1,0,0,1,1,1,0,0,1,1,1,2,0,0,1,1,3,1,2,3,6,2,0,2,0,0,0,1,0,5,0,1,3,1,4,0,1,0,0,1,0,0,0,0,1,0,0,0,1,2,0,0,0,1,0,0
broom,1,0,0,0,0,0,0,0,0,0,0,0,0,0,0,0,0,0,0,0,0,0,0,0,0,0,0,0,0,0,0,0,0,1,0,0,0,0,2,0,0,0,0,0,1,0,0,0,2,2,0,1,0,0,0,1,0,0,0,0,0,0,0,0,0,0,0,0,0,1,1,1,1,0,0,1,0,1,1,0,0,0,0,0,2,1,1,1,0,4,2,0,1,2,1,2,2,1,0,1,0,1,0,1,0,1,3,1,1,0,0,0,0,2,1,0,0,2,0,0,0,0,1,2,0,1,2,0,0,1
brush,0,0,0,0,0,0,0,0,0,0,0,0,0,0,0,0,0,0,0,0,0,0,0,0,0,0,0,0,0,0,0,1,1,1,0,0,2,0,2,1,1,1,0,0,1,0,0,0,2,0,0,0,0,0,0,0,0,0,0,0,0,0,0,0,0,0,0,0,0,0,0,0,0,0,0,0,0,0,0,0,0,0,0,0,1,1,0,1,4,0,3,0,2,2,1,3,2,1,1,2,0,1,0,1,0,2,3,1,2,0,1,0,0,1,0,0,0,2,1,1,0,1,0,1,0,2,0,0,0,0
bucket,0,0,0,0,0,0,0,0,0,0,0,0,0,0,0,0,0,0,0,0,0,0,0,0,0,0,0,0,0,0,0,1,1,0,0,0,1,0,2,1,1,1,0,1,2,0,0,0,3,0,1,1,0,0,0,0,0,0,0,0,1,1,1,1,0,1,0,0,0,0,0,0,0,0,0,0,0,0,0,0,0,0,0,0,2,2,0,3,2,3,0,1,2,2,2,3,2,2,1,2,0,0,0,2,0,2,3,1,5,0,0,0,0,1,0,0,0,2,1,2,0,1,1,2,0,2,0,1,0,0
clock,0,0,0,0,0,0,0,0,0,0,0,0,0,0,0,0,0,0,0,0,0,0,0,0,0,0,0,0,0,0,0,0,0,0,0,0,0,0,0,0,0,0,0,1,1,0,0,0,1,0,1,1,0,0,0,0,0,0,0,0,1,1,1,1,0,1,0,0,0,0,0,0,0,0,0,0,0,0,0,0,0,0,0,0,0,0,0,1,0,0,1,0,0,0,1,0,0,0,0,0,1,0,0,1,1,0,0,1,1,0,0,0,0,0,0,0,0,0,0,0,0,1,1,1,0,0,0,1,0,0
comb,1,1,1,0,2,0,0,0,0,0,0,0,0,0,0,0,0,1,0,1,0,1,0,1,0,0,1,1,0,1,0,1,1,1,0,1,1,0,3,1,1,2,0,1,2,0,1,0,4,1,0,0,1,0,0,0,0,0,0,1,1,0,1,0,0,0,1,1,0,1,0,1,1,1,1,0,0,1,1,1,0,0,1,1,0,1,1,2,1,2,2,0,0,2,2,2,1,1,2,1,0,1,0,1,0,2,2,1,2,0,0,0,1,2,0,1,0,1,1,1,0,1,0,2,0,1,1,1,0,1
cup,0,0,0,0,1,0,0,0,0,0,0,0,0,0,0,0,0,0,0,0,0,0,0,0,0,0,0,0,0,0,0,0,0,0,0,1,0,0,2,0,0,0,0,1,2,0,1,1,2,0,0,0,0,0,0,0,0,0,0,0,0,0,0,0,0,0,0,0,0,0,0,1,1,1,1,0,0,1,1,1,0,0,1,1,1,4,0,3,2,2,2,0,2,0,4,2,1,2,0,1,0,1,0,6,0,1,3,1,1,0,1,0,0,1,0,0,0,1,1,1,0,1,0,1,0,1,0,0,0,0
dish,0,0,0,0,1,0,0,0,0,0,0,0,0,0,0,0,0,0,0,0,0,0,0,0,0,0,0,0,0,0,0,0,0,0,0,1,0,0,2,0,0,0,0,2,3,0,1,0,3,0,1,1,0,0,0,0,0,0,0,0,1,1,1,1,0,1,0,0,0,0,0,1,1,1,1,0,0,1,1,1,0,0,1,1,0,2,0,6,1,1,2,1,2,4,0,2,0,2,0,0,0,1,0,7,0,1,2,1,3,0,1,0,0,1,0,0,0,0,1,0,0,0,1,2,0,0,0,1,0,0
fork,0,0,0,0,0,0,0,0,0,0,0,0,0,0,0,0,0,0,0,0,0,0,0,0,0,0,0,0,0,0,0,1,1,0,0,0,1,0,2,1,1,1,0,0,1,0,0,0,2,0,0,0,0,0,0,0,0,0,0,0,0,0,0,0,0,0,0,0,0,0,0,0,0,0,0,1,0,0,0,0,0,0,0,0,1,1,0,2,2,3,3,0,2,2,2,0,2,1,1,5,0,0,0,2,0,3,4,1,2,0,0,0,0,1,0,0,0,2,1,2,0,1,0,1,0,2,0,0,0,0
hammer,0,0,0,0,0,0,0,0,0,0,0,0,0,0,0,0,0,0,0,0,0,0,0,0,0,0,0,0,0,1,0,1,1,1,1,0,2,1,2,2,2,1,1,0,0,0,0,0,1,1,0,0,0,0,0,0,0,1,0,0,0,0,0,0,0,0,0,0,0,0,0,0,0,0,0,0,0,0,0,0,0,0,0,0,2,0,1,0,2,2,2,0,1,1,0,2,0,0,1,2,0,0,0,0,0,1,3,0,1,0,0,0,0,2,1,0,1,3,1,1,0,1,1,0,2,3,1,2,0,1
jar,0,0,0,0,0,0,0,0,0,0,0,0,0,0,0,0,0,0,0,0,0,0,0,0,0,0,0,0,0,0,0,0,0,0,0,0,0,0,1,0,0,0,0,0,1,0,0,0,1,0,0,0,0,0,0,0,0,0,0,0,0,0,0,0,0,0,0,0,0,0,0,0,0,0,0,0,0,0,0,0,0,0,0,0,1,5,1,2,1,1,2,0,1,2,2,1,0,0,0,0,0,0,0,2,0,1,1,1,2,0,0,0,0,0,0,0,0,0,0,0,0,0,0,1,0,0,0,0,0,0
keys,0,1,0,0,1,0,0,0,0,0,0,0,0,0,0,0,0,0,0,1,0,1,0,1,0,0,1,0,0,1,0,1,1,1,0,0,1,0,1,1,1,2,0,0,0,0,0,0,1,0,0,0,1,0,0,0,0,0,0,2,1,0,1,0,0,0,1,1,0,0,0,0,0,0,0,0,0,0,0,0,0,0,0,0,0,0,1,0,0,1,1,0,2,0,0,1,1,0,0,1,0,0,0,0,0,1,2,0,1,0,0,0,1,1,0,1,0,1,1,1,0,1,0,0,0,1,0,1,0,1
knife,0,0,0,0,0,0,0,0,0,0,0,0,0,0,0,0,0,0,0,0,0,0,0,0,0,0,0,0,0,0,0,1,1,0,0,0,1,0,1,1,1,1,0,0,0,0,0,0,1,0,0,0,0,0,0,0,0,0,0,0,0,0,0,0,0,0,0,0,0,0,0,0,0,0,0,0,0,0,0,0,0,0,0,0,1,0,0,0,1,2,2,0,1,1,0,5,2,0,1,0,0,0,0,0,0,3,2,0,1,0,0,0,0,1,0,0,0,2,1,2,0,1,0,0,0,2,0,0,0,0
lamp,0,0,0,0,0,0,0,0,0,0,0,0,0,0,0,0,0,0,0,0,0,0,0,0,0,0,0,0,0,0,0,0,0,0,0,0,0,0,0,0,0,0,0,0,0,0,0,0,0,0,0,0,0,0,0,0,0,0,0,0,0,1,0,0,0,0,0,0,0,0,0,0,0,0,0,0,0,0,0,0,0,0,0,0,0,0,0,0,0,0,0,1,0,0,0,0,0,0,0,0,0,0,0,0,1,0,0,1,0,0,0,0,0,0,0,0,0,0,0,0,0,1,0,0,0,0,0,0,0,0
napkin,0,0,1,0,1,0,1,0,0,0,0,0,0,0,1,0,2,0,0,1,0,1,0,0,1,1,0,0,0,0,1,0,0,0,0,1,0,0,1,0,0,0,0,1,1,1,1,0,1,0,0,1,0,2,0,0,2,0,0,0,0,0,0,0,0,0,0,1,0,0,0,1,1,1,1,0,1,1,2,1,0,1,1,1,0,0,1,1,1,1,0,0,1,1,1,0,0,0,0,0,0,0,2,2,0,0,0,0,1,0,1,1,0,1,0,0,1,0,0,0,1,0,1,0,0,0,0,0,0,0
pillow,0,0,1,0,0,0,1,0,0,0,0,0,0,0,1,0,2,0,0,1,0,1,0,0,1,1,0,0,0,0,1,0,0,0,0,0,0,0,0,0,0,0,0,0,0,0,0,0,0,0,0,1,0,2,0,0,2,0,0,0,0,0,0,0,0,0,0,1,0,0,0,0,0,0,1,0,2,0,1,0,0,3,0,0,0,0,0,0,0,0,0,0,0,0,0,0,0,0,0,0,0,2,0,1,0,0,0,0,0,0,1,3,0,0,1,0,3,0,0,0,3,0,0,0,0,0,0,0,0,0
plate,0,0,1,0,0,0,1,0,0,0,0,0,0,0,1,0,1,0,0,1,0,1,0,0,1,1,0,0,0,0,1,0,0,0,0,0,0,0,1,0,0,0,0,1,2,1,0,1,2,0,1,1,0,1,0,0,1,0,0,0,1,1,1,1,0,1,0,0,0,0,0,0,0,0,0,0,0,0,0,0,1,0,0,0,0,2,0,5,1,1,2,1,1,6,7,2,0,2,0,0,0,2,1,0,0,1,2,1,4,0,2,1,0,0,0,0,0,0,1,1,0,0,2,2,0,0,0,1,0,0
radio,0,0,0,0,0,0,0,0,0,0,0,0,0,0,0,0,0,0,0,0,0,0,0,0,0,0,0,0,0,0,0,0,0,0,0,0,0,0,0,0,0,0,0,0,0,0,0,0,0,0,0,0,0,0,0,0,0,0,0,0,0,0,0,0,0,0,0,0,0,0,0,0,0,0,0,0,0,0,0,0,0,0,0,0,0,0,0,0,0,0,0,1,0,0,0,0,0,0,0,0,1,0,0,0,0,0,0,1,0,0,0,0,0,0,0,0,0,0,0,0,0,1,0,0,0,0,0,0,0,0
scissors,0,0,0,0,0,0,0,0,0,0,0,0,0,0,0,0,0,0,0,0,0,0,0,0,0,0,0,0,0,0,0,1,1,0,0,0,2,0,2,1,1,1,0,0,1,0,0,0,2,0,0,0,0,0,0,0,0,0,0,0,0,0,0,0,0,0,0,0,0,0,0,0,0,0,0,0,0,0,0,0,0,0,0,0,0,1,0,1,1,2,2,0,2,1,1,3,1,1,1,3,0,0,0,1,0,0,2,1,2,0,0,0,0,1,0,0,0,1,1,1,0,1,0,1,0,1,0,0,0,0
spoon,0,0,0,0,0,0,0,0,0,0,0,0,0,0,0,0,0,0,0,0,0,0,0,0,0,0,0,0,0,0,0,1,1,1,0,0,1,0,3,1,1,1,0,0,1,0,0,0,2,1,0,0,0,0,0,0,0,0,0,0,0,0,0,0,0,0,0,0,0,0,0,0,0,0,0,0,0,0,0,0,0,0,0,0,2,1,1,3,3,3,3,0,2,3,2,4,3,1,2,2,0,0,0,2,0,2,0,1,2,0,0,0,0,2,1,0,0,3,1,1,0,1,1,1,0,3,1,0,0,1
telephone,0,0,0,0,0,0,0,0,0,0,0,0,0,0,0,0,0,0,0,0,0,0,0,0,0,0,0,0,0,0,0,0,0,0,0,0,0,0,1,0,0,0,0,0,1,0,0,0,1,0,0,0,0,0,0,0,0,0,0,0,0,0,0,0,0,0,0,0,0,0,0,1,0,1,1,0,0,1,0,1,0,0,0,0,0,1,0,1,1,1,1,1,1,1,1,1,0,1,0,0,1,0,0,1,1,1,1,0,1,0,0,0,0,0,0,0,0,0,0,0,0,0,0,1,0,0,0,0,0,0
tray,0,0,0,0,0,0,0,0,0,0,0,0,0,0,0,0,0,0,0,0,0,0,0,0,0,0,0,0,0,0,0,1,1,0,0,0,1,0,2,1,1,1,0,1,2,0,0,0,3,0,1,1,0,0,0,0,0,0,0,0,1,1,1,1,0,1,0,0,0,0,0,0,0,0,0,0,0,0,0,0,0,0,0,0,1,2,2,4,1,2,5,1,2,1,3,2,1,2,1,1,0,1,0,4,0,2,2,1,0,0,0,0,0,1,0,0,0,2,2,1,0,1,3,2,0,1,0,1,0,0
basement,0,0,0,0,0,0,0,0,0,0,0,0,0,0,0,0,0,0,0,0,0,0,0,0,0,0,0,0,0,0,0,0,0,0,1,1,0,0,0,0,0,0,0,0,0,0,0,0,0,0,0,0,0,0,0,0,0,0,0,0,0,0,0,0,0,0,0,0,0,0,0,0,0,0,0,0,0,0,0,0,0,0,0,0,0,0,1,0,0,0,0,0,0,0,0,0,0,0,0,0,0,0,0,0,0,0,0,0,0,0,0,0,1,0,0,2,0,0,0,0,0,0,0,0,0,0,0,1,0,1
bathtub,0,0,2,0,0,0,2,0,0,0,0,1,0,0,2,1,1,1,1,1,0,1,0,0,1,1,0,1,1,1,1,1,0,1,1,0,1,0,0,1,0,0,1,1,1,0,0,0,0,0,0,0,0,1,0,0,2,0,0,0,0,0,0,0,0,1,0,0,1,0,0,0,0,0,0,0,0,0,0,0,0,0,0,0,0,0,1,1,0,1,0,0,0,1,1,0,0,0,0,0,0,1,1,2,0,0,0,0,0,0,0,0,0,1,0,0,1,0,0,3,0,0,0,0,1,0,1,1,1,1
bed,0,0,0,0,0,0,0,0,0,0,0,0,0,0,0,0,1,0,0,0,0,0,0,0,0,0,0,0,0,0,0,0,0,0,0,0,0,0,0,0,0,0,0,0,0,0,0,0,0,0,0,1,0,1,0,0,1,0,0,0,0,0,0,0,0,0,0,1,0,0,0,1,0,1,1,0,3,0,1,0,1,2,0,1,0,0,0,0,0,0,0,0,0,0,0,0,0,0,0,0,0,1,3,1,0,0,0,0,0,0,0,0,0,0,1,0,3,0,0,0,3,0,0,0,0,0,0,0,0,1
bedroom,0,1,0,0,1,0,0,0,0,0,0,0,0,0,0,0,0,0,0,1,0,1,0,1,0,0,1,0,0,1,0,0,0,1,0,0,0,0,0,0,0,1,0,0,0,0,0,0,0,0,0,0,1,0,0,0,0,0,0,1,1,0,1,0,0,0,1,1,0,0,0,0,0,0,0,0,0,0,0,0,0,0,0,0,0,0,1,0,0,0,0,0,1,0,0,0,0,0,1,0,0,0,0,0,0,0,0,0,0,1,0,0,0,0,0,1,0,0,0,0,1,0,0,0,0,0,0,1,0,1
bench,1,0,1,0,1,1,1,1,1,1,0,1,0,1,0,1,1,0,1,0,0,0,1,1,0,1,1,0,0,2,1,1,1,1,0,1,1,0,3,1,1,1,0,2,1,0,1,0,3,2,0,1,0,0,0,1,1,0,0,0,0,0,0,0,0,0,0,0,0,1,1,2,2,1,1,1,0,2,2,1,0,0,1,1,1,0,1,1,2,1,1,0,2,1,1,1,2,0,1,1,0,1,0,0,0,1,2,0,1,0,1,0,0,0,4,0,2,2,1,1,2,1,2,1,1,1,3,1,0,1
chair,0,0,1,0,0,2,2,2,2,2,0,2,1,1,0,2,1,0,2,0,0,0,2,2,0,2,2,0,0,2,1,0,1,1,0,0,0,0,1,1,0,1,0,0,0,0,0,0,0,1,0,0,0,0,0,0,0,1,0,0,0,0,0,0,0,0,0,0,0,0,0,0,0,0,1,0,1,1,0,0,0,1,0,0,1,0,1,0,1,0,0,0,0,0,0,0,1,0,0,0,0,0,1,0,0,0,1,0,0,0,0,1,0,4,0,0,6,1,0,0,6,0,3,0,0,0,1,0,0,1
closet,0,1,0,0,1,0,0,0,0,0,0,0,0,0,0,0,0,0,0,1,0,1,0,1,0,0,1,0,0,1,0,0,0,1,1,1,0,0,0,0,0,1,0,0,0,0,0,0,0,0,0,0,1,0,0,0,0,0,0,1,1,0,1,0,0,0,1,1,0,0,0,0,0,0,0,0,0,0,0,0,0,0,0,0,0,0,2,0,0,0,0,0,1,0,0,0,0,0,1,0,0,0,0,0,0,0,0,0,0,2,0,0,1,0,0,0,0,0,0,0,0,0,0,0,0,0,0,1,0,2
couch,0,0,2,0,0,2,3,2,2,2,0,3,1,1,1,3,2,1,3,0,0,0,2,2,0,2,2,1,1,2,1,1,0,0,1,0,0,0,0,1,0,0,2,0,1,0,0,0,0,0,0,1,0,1,0,0,1,1,0,0,0,0,0,0,0,1,0,1,1,2,1,1,1,1,1,0,2,2,1,1,2,3,1,0,0,0,1,0,0,0,0,0,0,0,0,0,1,0,0,0,0,1,3,0,0,0,0,0,0,0,1,3,0,2,6,0,0,0,0,0,10,0,2,0,1,0,0,1,1,1
door,0,0,0,0,0,0,0,0,0,0,0,0,0,0,0,0,0,0,0,0,0,0,0,0,0,0,0,0,0,0,0,1,1,1,0,0,1,0,2,1,1,1,0,0,0,0,0,0,1,1,0,0,0,0,0,0,0,0,0,0,0,0,0,0,0,0,0,0,0,0,0,0,0,0,0,0,0,0,0,0,0,0,0,0,2,0,2,0,2,2,2,0,1,1,0,2,3,0,1,2,0,0,0,0,0,1,3,0,2,0,0,0,0,2,1,0,0,0,1,1,0,1,1,0,0,2,1,0,0,1
oven,0,0,0,0,0,0,0,0,0,0,0,0,0,0,0,0,0,0,0,0,0,0,0,0,0,0,0,0,0,0,0,1,1,0,0,0,1,0,1,1,1,1,0,0,0,0,0,0,1,0,0,0,0,0,0,0,0,0,0,0,0,0,0,0,0,0,0,0,0,0,0,0,0,0,0,0,0,0,0,0,0,0,0,0,0,0,0,1,0,1,1,0,1,1,1,1,1,0,1,1,0,0,0,1,0,1,1,0,2,0,0,0,0,1,0,0,0,1,0,1,0,4,0,0,0,1,0,0,0,0
sink,0,0,0,0,0,0,0,0,0,0,0,0,0,0,0,0,0,0,0,0,0,0,0,0,0,0,0,0,0,0,0,1,1,0,0,0,1,0,1,1,1,1,0,0,0,0,0,1,1,0,0,0,0,0,0,0,0,0,0,0,0,0,0,0,0,0,0,0,0,0,0,0,0,0,0,0,0,0,0,0,0,0,0,0,0,0,0,0,0,1,2,0,1,1,0,2,1,0,1,2,0,0,0,1,0,1,1,0,1,0,3,0,0,1,0,0,0,1,1,0,0,1,0,0,0,1,0,0,0,0
sofa,0,0,1,0,0,2,2,2,2,2,0,2,1,1,0,2,2,0,2,0,0,0,2,2,0,2,2,0,0,2,1,0,0,0,0,0,0,0,0,0,0,0,0,0,0,0,0,0,0,0,0,1,0,1,0,0,1,1,0,0,0,0,0,0,0,0,0,1,0,0,0,0,0,0,1,0,2,1,1,0,0,2,0,0,0,0,0,0,0,0,0,0,0,0,0,0,0,0,0,0,0,1,3,0,0,0,0,0,0,0,0,3,1,2,6,0,10,0,0,0,0,0,2,0,0,0,0,0,0,0
stove,0,0,0,0,0,0,0,0,0,0,0,0,0,0,0,0,0,0,0,0,0,0,0,0,0,0,0,0,0,0,0,1,1,0,0,0,1,0,1,1,1,1,0,0,0,0,0,0,1,0,0,0,0,0,0,0,0,0,0,0,0,0,0,0,0,0,0,0,0,0,0,0,0,0,0,0,0,0,0,0,0,0,0,0,0,0,0,0,0,1,1,1,1,1,0,1,1,0,1,1,1,0,0,0,1,1,1,0,1,0,0,0,0,1,0,0,0,1,4,1,0,0,0,0,0,1,0,0,0,0
table,0,0,1,0,0,2,2,2,2,2,0,2,1,1,0,2,1,0,2,0,0,0,2,2,0,2,2,0,0,2,1,0,0,1,0,0,0,0,1,0,0,0,0,1,1,0,0,0,1,1,1,1,0,0,0,0,0,1,0,0,1,1,1,1,0,1,0,0,0,0,0,0,0,0,0,0,0,1,0,0,0,0,0,0,1,0,2,1,1,0,1,1,0,0,1,0,1,0,0,0,0,1,0,2,0,0,1,0,3,0,0,0,0,2,3,0,2,1,0,0,2,0,0,1,0,0,1,1,0,1
hose,2,0,0,0,0,0,0,0,0,0,0,0,1,0,0,0,0,0,0,0,0,0,0,0,0,0,0,0,0,1,0,0,0,0,0,0,0,0,1,0,0,0,0,1,3,0,0,0,4,2,2,3,1,0,0,1,0,0,0,0,2,1,2,2,0,1,0,0,0,2,2,1,1,0,0,1,0,1,1,0,0,0,0,0,0,2,0,2,2,1,2,1,2,1,2,1,0,1,0,0,0,0,0,2,0,1,1,1,2,0,0,0,0,1,0,0,0,0,0,0,0,0,1,0,0,0,2,1,0,0
rock,0,0,0,0,0,0,0,0,0,1,0,1,0,0,0,0,0,0,0,1,0,0,0,0,0,0,1,0,0,1,0,0,0,0,0,0,0,0,0,0,0,0,1,2,0,0,0,0,0,0,0,0,0,0,0,0,1,0,0,0,0,0,0,0,0,0,0,0,0,0,0,0,0,0,0,0,0,0,0,0,0,0,0,0,0,0,0,0,0,0,0,0,0,0,0,0,2,0,0,0,0,0,0,0,0,0,0,0,0,0,1,0,0,1,0,0,1,0,0,0,0,0,0,0,0,0,1,6,0,0
shovel,0,0,0,0,0,0,0,0,0,0,0,0,0,0,0,0,0,0,0,0,0,0,0,0,0,0,0,0,0,0,0,1,1,0,0,0,1,0,1,1,1,1,0,0,0,0,0,0,1,0,0,0,0,0,0,0,0,0,0,0,0,0,0,0,0,0,0,0,0,0,0,0,0,0,0,0,0,0,0,0,0,0,0,0,1,0,0,0,1,2,2,0,1,1,0,2,3,0,1,2,0,0,0,0,0,1,3,0,1,0,0,0,0,1,0,0,0,2,1,1,0,1,0,0,0,0,0,0,0,0
stick,1,0,0,0,0,0,0,0,0,0,0,0,0,0,0,0,0,0,0,0,0,0,0,0,0,0,0,0,0,1,0,0,0,1,0,0,0,0,1,0,0,0,0,1,0,0,0,0,2,3,0,1,0,0,0,1,1,0,0,0,0,0,0,0,0,0,0,0,0,2,1,1,1,0,0,1,0,1,1,0,0,0,0,0,1,0,1,0,2,0,0,0,1,0,0,0,1,0,0,0,0,0,0,0,0,0,1,0,0,0,1,0,0,3,1,0,0,1,0,0,0,0,1,2,1,0,0,1,0,1
stone,0,1,0,0,1,0,0,0,0,1,0,1,0,0,0,0,0,0,0,2,0,1,0,1,0,0,2,0,0,2,0,0,0,1,0,0,0,0,0,0,0,1,1,3,1,0,0,0,1,0,1,1,1,0,0,0,1,0,0,1,2,1,2,1,0,1,1,1,0,0,0,0,0,0,0,0,0,0,0,0,0,0,0,0,0,0,1,1,0,0,1,1,1,0,1,0,2,0,1,0,0,0,0,1,0,0,0,0,1,1,1,0,1,1,0,1,1,0,0,0,0,0,1,1,6,0,1,0,0,1
church,0,0,1,0,0,0,1,0,0,0,0,1,0,0,1,1,0,1,1,0,0,0,0,0,0,0,0,1,1,0,0,1,0,0,2,0,0,0,0,1,0,0,1,0,1,0,0,0,0,0,0,0,0,0,0,0,0,0,0,0,0,0,0,0,0,1,0,0,1,0,0,0,0,0,0,0,0,0,0,0,0,0,0,0,0,0,1,0,0,0,0,0,0,0,0,0,0,0,0,0,0,0,0,0,0,0,0,0,0,0,1,0,0,0,0,0,1,0,0,0,0,0,0,0,0,0,0,0,0,1
house,0,1,1,0,1,0,1,0,0,0,0,1,0,0,1,1,0,1,1,1,0,1,0,1,0,0,1,1,1,1,0,1,0,2,3,2,0,0,1,1,0,1,1,0,1,0,0,0,0,1,0,0,1,0,0,0,0,0,0,1,1,0,1,0,0,1,1,1,1,0,0,1,0,1,0,0,1,0,0,0,0,0,0,1,1,0,3,0,1,0,0,0,1,0,0,0,1,0,1,0,0,0,0,0,0,0,1,0,0,1,1,1,1,1,1,2,1,1,0,0,0,0,1,0,0,0,1,1,1,0